[{"model": "admin.logentry", "pk": 1, "fields": {"action_time": "2024-12-02T20:48:49.727Z", "user": 1, "content_type": 17, "object_id": "1", "object_repr": "admin@admin.com", "action_flag": 2, "change_message": "[{\"changed\": {\"fields\": [\"First name\", \"Last name\"]}}]"}}, {"model": "admin.logentry", "pk": 2, "fields": {"action_time": "2024-12-02T20:49:01.278Z", "user": 1, "content_type": 12, "object_id": "1", "object_repr": "S", "action_flag": 1, "change_message": "[{\"added\": {}}]"}}, {"model": "admin.logentry", "pk": 3, "fields": {"action_time": "2024-12-02T20:49:08.038Z", "user": 1, "content_type": 12, "object_id": "2", "object_repr": "M", "action_flag": 1, "change_message": "[{\"added\": {}}]"}}, {"model": "admin.logentry", "pk": 4, "fields": {"action_time": "2024-12-02T20:49:11.810Z", "user": 1, "content_type": 12, "object_id": "3", "object_repr": "L", "action_flag": 1, "change_message": "[{\"added\": {}}]"}}, {"model": "admin.logentry", "pk": 5, "fields": {"action_time": "2024-12-02T20:49:14.625Z", "user": 1, "content_type": 12, "object_id": "4", "object_repr": "XL", "action_flag": 1, "change_message": "[{\"added\": {}}]"}}, {"model": "admin.logentry", "pk": 6, "fields": {"action_time": "2024-12-02T20:49:21.979Z", "user": 1, "content_type": 7, "object_id": "1", "object_repr": "ZARA", "action_flag": 1, "change_message": "[{\"added\": {}}]"}}, {"model": "admin.logentry", "pk": 7, "fields": {"action_time": "2024-12-02T20:49:35.638Z", "user": 1, "content_type": 7, "object_id": "2", "object_repr": "Gucci", "action_flag": 1, "change_message": "[{\"added\": {}}]"}}, {"model": "admin.logentry", "pk": 8, "fields": {"action_time": "2024-12-02T20:49:40.875Z", "user": 1, "content_type": 7, "object_id": "3", "object_repr": "Lacoste", "action_flag": 1, "change_message": "[{\"added\": {}}]"}}, {"model": "admin.logentry", "pk": 9, "fields": {"action_time": "2024-12-02T20:49:51.810Z", "user": 1, "content_type": 8, "object_id": "1", "object_repr": "T-shirts", "action_flag": 1, "change_message": "[{\"added\": {}}]"}}, {"model": "admin.logentry", "pk": 10, "fields": {"action_time": "2024-12-02T20:49:56.985Z", "user": 1, "content_type": 8, "object_id": "2", "object_repr": "Suits", "action_flag": 1, "change_message": "[{\"added\": {}}]"}}, {"model": "admin.logentry", "pk": 11, "fields": {"action_time": "2024-12-02T20:50:05.588Z", "user": 1, "content_type": 8, "object_id": "3", "object_repr": "Hoodies", "action_flag": 1, "change_message": "[{\"added\": {}}]"}}, {"model": "admin.logentry", "pk": 12, "fields": {"action_time": "2024-12-02T20:50:49.883Z", "user": 1, "content_type": 6, "object_id": "1", "object_repr": "Address object (1)", "action_flag": 1, "change_message": "[{\"added\": {}}]"}}, {"model": "admin.logentry", "pk": 13, "fields": {"action_time": "2024-12-02T20:50:55.721Z", "user": 1, "content_type": 15, "object_id": "1", "object_repr": "Vitalii Test", "action_flag": 1, "change_message": "[{\"added\": {}}]"}}, {"model": "admin.logentry", "pk": 14, "fields": {"action_time": "2024-12-02T20:51:33.131Z", "user": 1, "content_type": 11, "object_id": "1", "object_repr": "ProductPhoto object (1)", "action_flag": 1, "change_message": "[{\"added\": {}}]"}}, {"model": "admin.logentry", "pk": 15, "fields": {"action_time": "2024-12-02T20:51:34.557Z", "user": 1, "content_type": 9, "object_id": "1", "object_repr": "White", "action_flag": 1, "change_message": "[{\"added\": {}}]"}}, {"model": "admin.logentry", "pk": 16, "fields": {"action_time": "2024-12-02T20:51:46.104Z", "user": 1, "content_type": 11, "object_id": "2", "object_repr": "ProductPhoto object (2)", "action_flag": 1, "change_message": "[{\"added\": {}}]"}}, {"model": "admin.logentry", "pk": 17, "fields": {"action_time": "2024-12-02T20:51:47.796Z", "user": 1, "content_type": 9, "object_id": "1", "object_repr": "White", "action_flag": 2, "change_message": "[{\"changed\": {\"fields\": [\"Photos\"]}}]"}}, {"model": "admin.logentry", "pk": 18, "fields": {"action_time": "2024-12-02T20:53:26.673Z", "user": 1, "content_type": 16, "object_id": "1", "object_repr": "T-shirts, ZARA, REGULAR FIT INTERLOCK T-SHIRT", "action_flag": 1, "change_message": "[{\"added\": {}}]"}}, {"model": "admin.logentry", "pk": 19, "fields": {"action_time": "2024-12-02T20:53:30.156Z", "user": 1, "content_type": 14, "object_id": "1", "object_repr": "T-shirts, ZARA, REGULAR FIT INTERLOCK T-SHIRT, White, M, 25, 5", "action_flag": 1, "change_message": "[{\"added\": {}}]"}}, {"model": "admin.logentry", "pk": 20, "fields": {"action_time": "2024-12-02T20:54:02.960Z", "user": 1, "content_type": 10, "object_id": "1", "object_repr": "product: 'T-shirts, ZARA, REGULAR FIT INTERLOCK T-SHIRT, White, M, 25.00, 5.00', quantity: 2, total price: 50.00", "action_flag": 1, "change_message": "[{\"added\": {}}]"}}, {"model": "admin.logentry", "pk": 21, "fields": {"action_time": "2024-12-02T21:05:55.340Z", "user": 1, "content_type": 11, "object_id": "3", "object_repr": "ProductPhoto object (3)", "action_flag": 1, "change_message": "[{\"added\": {}}]"}}, {"model": "admin.logentry", "pk": 22, "fields": {"action_time": "2024-12-02T21:06:01.489Z", "user": 1, "content_type": 11, "object_id": "4", "object_repr": "ProductPhoto object (4)", "action_flag": 1, "change_message": "[{\"added\": {}}]"}}, {"model": "admin.logentry", "pk": 23, "fields": {"action_time": "2024-12-02T21:06:03.450Z", "user": 1, "content_type": 9, "object_id": "2", "object_repr": "Grey", "action_flag": 1, "change_message": "[{\"added\": {}}]"}}, {"model": "admin.logentry", "pk": 24, "fields": {"action_time": "2024-12-02T21:06:27.888Z", "user": 1, "content_type": 14, "object_id": "2", "object_repr": "T-shirts, ZARA, REGULAR FIT INTERLOCK T-SHIRT, Grey, M, 26, 0", "action_flag": 1, "change_message": "[{\"added\": {}}]"}}, {"model": "admin.logentry", "pk": 25, "fields": {"action_time": "2024-12-02T21:07:48.047Z", "user": 1, "content_type": 11, "object_id": "5", "object_repr": "ProductPhoto object (5)", "action_flag": 1, "change_message": "[{\"added\": {}}]"}}, {"model": "admin.logentry", "pk": 26, "fields": {"action_time": "2024-12-02T21:07:54.049Z", "user": 1, "content_type": 11, "object_id": "6", "object_repr": "ProductPhoto object (6)", "action_flag": 1, "change_message": "[{\"added\": {}}]"}}, {"model": "admin.logentry", "pk": 27, "fields": {"action_time": "2024-12-02T21:07:56.720Z", "user": 1, "content_type": 9, "object_id": "3", "object_repr": "Pink", "action_flag": 1, "change_message": "[{\"added\": {}}]"}}, {"model": "admin.logentry", "pk": 28, "fields": {"action_time": "2024-12-02T21:08:11.840Z", "user": 1, "content_type": 14, "object_id": "3", "object_repr": "T-shirts, ZARA, REGULAR FIT INTERLOCK T-SHIRT, Pink, L, 29, 1", "action_flag": 1, "change_message": "[{\"added\": {}}]"}}, {"model": "admin.logentry", "pk": 29, "fields": {"action_time": "2024-12-02T21:08:23.217Z", "user": 1, "content_type": 14, "object_id": "4", "object_repr": "T-shirts, ZARA, REGULAR FIT INTERLOCK T-SHIRT, Pink, M, 25, 4", "action_flag": 1, "change_message": "[{\"added\": {}}]"}}, {"model": "admin.logentry", "pk": 30, "fields": {"action_time": "2024-12-02T21:08:33.962Z", "user": 1, "content_type": 14, "object_id": "5", "object_repr": "T-shirts, ZARA, REGULAR FIT INTERLOCK T-SHIRT, Pink, M, 23, 1", "action_flag": 1, "change_message": "[{\"added\": {}}]"}}, {"model": "admin.logentry", "pk": 31, "fields": {"action_time": "2024-12-02T21:25:18.250Z", "user": 1, "content_type": 14, "object_id": "6", "object_repr": "T-shirts, ZARA, REGULAR FIT INTERLOCK T-SHIRT, Pink, S, 20, 1", "action_flag": 1, "change_message": "[{\"added\": {}}]"}}, {"model": "admin.logentry", "pk": 32, "fields": {"action_time": "2024-12-03T19:40:25.629Z", "user": 1, "content_type": 14, "object_id": "5", "object_repr": "T-shirts, ZARA, REGULAR FIT INTERLOCK T-SHIRT, Pink, M, 23.00, 1.00", "action_flag": 3, "change_message": ""}}, {"model": "admin.logentry", "pk": 33, "fields": {"action_time": "2024-12-03T20:07:44.573Z", "user": 1, "content_type": 11, "object_id": "7", "object_repr": "ProductPhoto object (7)", "action_flag": 1, "change_message": "[{\"added\": {}}]"}}, {"model": "admin.logentry", "pk": 34, "fields": {"action_time": "2024-12-03T20:11:35.788Z", "user": 1, "content_type": 11, "object_id": "7", "object_repr": "ProductPhoto object (7)", "action_flag": 3, "change_message": ""}}, {"model": "admin.logentry", "pk": 35, "fields": {"action_time": "2024-12-03T20:11:54.279Z", "user": 1, "content_type": 11, "object_id": "6", "object_repr": "ProductPhoto object (6)", "action_flag": 3, "change_message": ""}}, {"model": "admin.logentry", "pk": 36, "fields": {"action_time": "2024-12-03T20:22:02.129Z", "user": 1, "content_type": 11, "object_id": "8", "object_repr": "ProductPhoto object (8)", "action_flag": 1, "change_message": "[{\"added\": {}}]"}}, {"model": "admin.logentry", "pk": 37, "fields": {"action_time": "2024-12-03T20:26:44.515Z", "user": 1, "content_type": 11, "object_id": "9", "object_repr": "ProductPhoto object (9)", "action_flag": 1, "change_message": "[{\"added\": {}}]"}}, {"model": "admin.logentry", "pk": 38, "fields": {"action_time": "2024-12-03T20:29:26.055Z", "user": 1, "content_type": 11, "object_id": "9", "object_repr": "ProductPhoto object (9)", "action_flag": 3, "change_message": ""}}, {"model": "admin.logentry", "pk": 39, "fields": {"action_time": "2024-12-03T20:29:26.055Z", "user": 1, "content_type": 11, "object_id": "8", "object_repr": "ProductPhoto object (8)", "action_flag": 3, "change_message": ""}}, {"model": "admin.logentry", "pk": 40, "fields": {"action_time": "2024-12-03T20:29:33.249Z", "user": 1, "content_type": 11, "object_id": "10", "object_repr": "ProductPhoto object (10)", "action_flag": 1, "change_message": "[{\"added\": {}}]"}}, {"model": "admin.logentry", "pk": 41, "fields": {"action_time": "2024-12-03T20:31:48.977Z", "user": 1, "content_type": 11, "object_id": "10", "object_repr": "ProductPhoto object (10)", "action_flag": 3, "change_message": ""}}, {"model": "admin.logentry", "pk": 42, "fields": {"action_time": "2024-12-03T20:31:58.022Z", "user": 1, "content_type": 11, "object_id": "5", "object_repr": "ProductPhoto object (5)", "action_flag": 3, "change_message": ""}}, {"model": "admin.logentry", "pk": 43, "fields": {"action_time": "2024-12-03T20:31:58.022Z", "user": 1, "content_type": 11, "object_id": "4", "object_repr": "ProductPhoto object (4)", "action_flag": 3, "change_message": ""}}, {"model": "admin.logentry", "pk": 44, "fields": {"action_time": "2024-12-03T20:31:58.022Z", "user": 1, "content_type": 11, "object_id": "3", "object_repr": "ProductPhoto object (3)", "action_flag": 3, "change_message": ""}}, {"model": "admin.logentry", "pk": 45, "fields": {"action_time": "2024-12-03T20:31:58.022Z", "user": 1, "content_type": 11, "object_id": "2", "object_repr": "ProductPhoto object (2)", "action_flag": 3, "change_message": ""}}, {"model": "admin.logentry", "pk": 46, "fields": {"action_time": "2024-12-03T20:31:58.022Z", "user": 1, "content_type": 11, "object_id": "1", "object_repr": "ProductPhoto object (1)", "action_flag": 3, "change_message": ""}}, {"model": "admin.logentry", "pk": 47, "fields": {"action_time": "2024-12-03T20:32:27.705Z", "user": 1, "content_type": 11, "object_id": "11", "object_repr": "ProductPhoto object (11)", "action_flag": 1, "change_message": "[{\"added\": {}}]"}}, {"model": "admin.logentry", "pk": 48, "fields": {"action_time": "2024-12-03T20:32:32.593Z", "user": 1, "content_type": 11, "object_id": "12", "object_repr": "ProductPhoto object (12)", "action_flag": 1, "change_message": "[{\"added\": {}}]"}}, {"model": "admin.logentry", "pk": 49, "fields": {"action_time": "2024-12-03T20:35:01.910Z", "user": 1, "content_type": 11, "object_id": "12", "object_repr": "ProductPhoto object (12)", "action_flag": 3, "change_message": ""}}, {"model": "admin.logentry", "pk": 50, "fields": {"action_time": "2024-12-03T20:35:01.910Z", "user": 1, "content_type": 11, "object_id": "11", "object_repr": "ProductPhoto object (11)", "action_flag": 3, "change_message": ""}}, {"model": "admin.logentry", "pk": 51, "fields": {"action_time": "2024-12-03T20:35:12.747Z", "user": 1, "content_type": 11, "object_id": "13", "object_repr": "ProductPhoto object (13)", "action_flag": 1, "change_message": "[{\"added\": {}}]"}}, {"model": "admin.logentry", "pk": 52, "fields": {"action_time": "2024-12-03T20:35:50.642Z", "user": 1, "content_type": 11, "object_id": "14", "object_repr": "ProductPhoto object (14)", "action_flag": 1, "change_message": "[{\"added\": {}}]"}}, {"model": "admin.logentry", "pk": 53, "fields": {"action_time": "2024-12-03T20:36:18.526Z", "user": 1, "content_type": 11, "object_id": "15", "object_repr": "ProductPhoto object (15)", "action_flag": 1, "change_message": "[{\"added\": {}}]"}}, {"model": "admin.logentry", "pk": 54, "fields": {"action_time": "2024-12-03T20:36:24.279Z", "user": 1, "content_type": 11, "object_id": "16", "object_repr": "ProductPhoto object (16)", "action_flag": 1, "change_message": "[{\"added\": {}}]"}}, {"model": "admin.logentry", "pk": 55, "fields": {"action_time": "2024-12-03T20:36:25.449Z", "user": 1, "content_type": 9, "object_id": "2", "object_repr": "Grey", "action_flag": 2, "change_message": "[{\"changed\": {\"fields\": [\"Photos\"]}}]"}}, {"model": "admin.logentry", "pk": 56, "fields": {"action_time": "2024-12-03T20:36:30.632Z", "user": 1, "content_type": 9, "object_id": "3", "object_repr": "Pink", "action_flag": 2, "change_message": "[{\"changed\": {\"fields\": [\"Photos\"]}}]"}}, {"model": "admin.logentry", "pk": 57, "fields": {"action_time": "2024-12-03T20:36:33.085Z", "user": 1, "content_type": 9, "object_id": "2", "object_repr": "Grey", "action_flag": 2, "change_message": "[]"}}, {"model": "admin.logentry", "pk": 58, "fields": {"action_time": "2024-12-03T20:36:41.392Z", "user": 1, "content_type": 11, "object_id": "17", "object_repr": "ProductPhoto object (17)", "action_flag": 1, "change_message": "[{\"added\": {}}]"}}, {"model": "admin.logentry", "pk": 59, "fields": {"action_time": "2024-12-03T20:36:47.081Z", "user": 1, "content_type": 11, "object_id": "18", "object_repr": "ProductPhoto object (18)", "action_flag": 1, "change_message": "[{\"added\": {}}]"}}, {"model": "admin.logentry", "pk": 60, "fields": {"action_time": "2024-12-03T20:36:49.311Z", "user": 1, "content_type": 9, "object_id": "1", "object_repr": "White", "action_flag": 2, "change_message": "[{\"changed\": {\"fields\": [\"Photos\"]}}]"}}, {"model": "admin.logentry", "pk": 61, "fields": {"action_time": "2024-12-07T20:14:33.556Z", "user": 1, "content_type": 15, "object_id": "1", "object_repr": "Vitalii Test123", "action_flag": 2, "change_message": "[{\"changed\": {\"fields\": [\"Address\"]}}]"}}, {"model": "admin.logentry", "pk": 62, "fields": {"action_time": "2024-12-07T20:15:04.372Z", "user": 1, "content_type": 6, "object_id": "2", "object_repr": "Address object (2)", "action_flag": 1, "change_message": "[{\"added\": {}}]"}}, {"model": "admin.logentry", "pk": 63, "fields": {"action_time": "2024-12-07T20:15:07.129Z", "user": 1, "content_type": 15, "object_id": "2", "object_repr": "test test Last name", "action_flag": 2, "change_message": "[{\"changed\": {\"fields\": [\"Address\"]}}]"}}, {"model": "admin.logentry", "pk": 64, "fields": {"action_time": "2024-12-07T20:15:36.497Z", "user": 1, "content_type": 6, "object_id": "3", "object_repr": "Address object (3)", "action_flag": 1, "change_message": "[{\"added\": {}}]"}}, {"model": "admin.logentry", "pk": 65, "fields": {"action_time": "2024-12-07T20:15:37.910Z", "user": 1, "content_type": 15, "object_id": "2", "object_repr": "test test Last name", "action_flag": 2, "change_message": "[{\"changed\": {\"fields\": [\"Address\"]}}]"}}, {"model": "admin.logentry", "pk": 66, "fields": {"action_time": "2024-12-07T20:16:13.587Z", "user": 1, "content_type": 6, "object_id": "4", "object_repr": "Address object (4)", "action_flag": 1, "change_message": "[{\"added\": {}}]"}}, {"model": "admin.logentry", "pk": 67, "fields": {"action_time": "2024-12-07T20:16:14.916Z", "user": 1, "content_type": 15, "object_id": "1", "object_repr": "Vitalii Test123", "action_flag": 2, "change_message": "[{\"changed\": {\"fields\": [\"Address\"]}}]"}}, {"model": "admin.logentry", "pk": 68, "fields": {"action_time": "2024-12-07T21:38:27.318Z", "user": 1, "content_type": 6, "object_id": "11", "object_repr": "Address object (11)", "action_flag": 3, "change_message": ""}}, {"model": "admin.logentry", "pk": 69, "fields": {"action_time": "2024-12-07T21:38:27.318Z", "user": 1, "content_type": 6, "object_id": "10", "object_repr": "Address object (10)", "action_flag": 3, "change_message": ""}}, {"model": "admin.logentry", "pk": 70, "fields": {"action_time": "2024-12-07T21:38:27.318Z", "user": 1, "content_type": 6, "object_id": "9", "object_repr": "Address object (9)", "action_flag": 3, "change_message": ""}}, {"model": "admin.logentry", "pk": 71, "fields": {"action_time": "2024-12-07T21:38:27.319Z", "user": 1, "content_type": 6, "object_id": "8", "object_repr": "Address object (8)", "action_flag": 3, "change_message": ""}}, {"model": "admin.logentry", "pk": 72, "fields": {"action_time": "2024-12-07T21:38:27.319Z", "user": 1, "content_type": 6, "object_id": "7", "object_repr": "Address object (7)", "action_flag": 3, "change_message": ""}}, {"model": "admin.logentry", "pk": 73, "fields": {"action_time": "2024-12-07T21:38:27.319Z", "user": 1, "content_type": 6, "object_id": "6", "object_repr": "Address object (6)", "action_flag": 3, "change_message": ""}}, {"model": "admin.logentry", "pk": 74, "fields": {"action_time": "2024-12-07T21:38:27.319Z", "user": 1, "content_type": 6, "object_id": "5", "object_repr": "Address object (5)", "action_flag": 3, "change_message": ""}}, {"model": "admin.logentry", "pk": 75, "fields": {"action_time": "2024-12-07T22:08:34.661Z", "user": 1, "content_type": 6, "object_id": "15", "object_repr": "Address object (15)", "action_flag": 3, "change_message": ""}}, {"model": "admin.logentry", "pk": 76, "fields": {"action_time": "2024-12-07T22:08:34.661Z", "user": 1, "content_type": 6, "object_id": "14", "object_repr": "Address object (14)", "action_flag": 3, "change_message": ""}}, {"model": "admin.logentry", "pk": 77, "fields": {"action_time": "2024-12-07T22:08:34.661Z", "user": 1, "content_type": 6, "object_id": "13", "object_repr": "Address object (13)", "action_flag": 3, "change_message": ""}}, {"model": "admin.logentry", "pk": 78, "fields": {"action_time": "2024-12-07T22:08:34.661Z", "user": 1, "content_type": 6, "object_id": "12", "object_repr": "Address object (12)", "action_flag": 3, "change_message": ""}}, {"model": "admin.logentry", "pk": 79, "fields": {"action_time": "2024-12-07T22:08:38.854Z", "user": 1, "content_type": 6, "object_id": "18", "object_repr": "Address object (18)", "action_flag": 3, "change_message": ""}}, {"model": "admin.logentry", "pk": 80, "fields": {"action_time": "2024-12-07T22:08:38.854Z", "user": 1, "content_type": 6, "object_id": "17", "object_repr": "Address object (17)", "action_flag": 3, "change_message": ""}}, {"model": "admin.logentry", "pk": 81, "fields": {"action_time": "2024-12-07T22:08:51.280Z", "user": 1, "content_type": 6, "object_id": "19", "object_repr": "Address object (19)", "action_flag": 3, "change_message": ""}}, {"model": "admin.logentry", "pk": 82, "fields": {"action_time": "2024-12-07T22:11:12.349Z", "user": 1, "content_type": 6, "object_id": "21", "object_repr": "Address object (21)", "action_flag": 3, "change_message": ""}}, {"model": "admin.logentry", "pk": 83, "fields": {"action_time": "2024-12-07T22:11:12.349Z", "user": 1, "content_type": 6, "object_id": "20", "object_repr": "Address object (20)", "action_flag": 3, "change_message": ""}}, {"model": "admin.logentry", "pk": 84, "fields": {"action_time": "2024-12-07T22:13:33.859Z", "user": 1, "content_type": 6, "object_id": "23", "object_repr": "Address object (23)", "action_flag": 3, "change_message": ""}}, {"model": "admin.logentry", "pk": 85, "fields": {"action_time": "2024-12-07T22:13:33.859Z", "user": 1, "content_type": 6, "object_id": "22", "object_repr": "Address object (22)", "action_flag": 3, "change_message": ""}}, {"model": "admin.logentry", "pk": 86, "fields": {"action_time": "2024-12-07T22:14:44.988Z", "user": 1, "content_type": 6, "object_id": "25", "object_repr": "Address object (25)", "action_flag": 3, "change_message": ""}}, {"model": "admin.logentry", "pk": 87, "fields": {"action_time": "2024-12-07T22:14:44.988Z", "user": 1, "content_type": 6, "object_id": "24", "object_repr": "Address object (24)", "action_flag": 3, "change_message": ""}}, {"model": "admin.logentry", "pk": 88, "fields": {"action_time": "2024-12-07T22:25:46.260Z", "user": 1, "content_type": 6, "object_id": "28", "object_repr": "Address object (28)", "action_flag": 3, "change_message": ""}}, {"model": "admin.logentry", "pk": 89, "fields": {"action_time": "2024-12-07T22:25:46.260Z", "user": 1, "content_type": 6, "object_id": "27", "object_repr": "Address object (27)", "action_flag": 3, "change_message": ""}}, {"model": "admin.logentry", "pk": 90, "fields": {"action_time": "2024-12-07T22:25:46.260Z", "user": 1, "content_type": 6, "object_id": "26", "object_repr": "Address object (26)", "action_flag": 3, "change_message": ""}}, {"model": "admin.logentry", "pk": 91, "fields": {"action_time": "2024-12-07T22:28:01.333Z", "user": 1, "content_type": 6, "object_id": "30", "object_repr": "Address object (30)", "action_flag": 3, "change_message": ""}}, {"model": "admin.logentry", "pk": 92, "fields": {"action_time": "2024-12-07T22:28:01.333Z", "user": 1, "content_type": 6, "object_id": "29", "object_repr": "Address object (29)", "action_flag": 3, "change_message": ""}}, {"model": "admin.logentry", "pk": 93, "fields": {"action_time": "2024-12-07T22:28:01.333Z", "user": 1, "content_type": 6, "object_id": "16", "object_repr": "Address object (16)", "action_flag": 3, "change_message": ""}}, {"model": "admin.logentry", "pk": 94, "fields": {"action_time": "2024-12-07T22:29:17.046Z", "user": 1, "content_type": 6, "object_id": "32", "object_repr": "Address object (32)", "action_flag": 3, "change_message": ""}}, {"model": "admin.logentry", "pk": 95, "fields": {"action_time": "2024-12-07T22:29:17.046Z", "user": 1, "content_type": 6, "object_id": "31", "object_repr": "Address object (31)", "action_flag": 3, "change_message": ""}}, {"model": "admin.logentry", "pk": 96, "fields": {"action_time": "2024-12-07T22:32:06.098Z", "user": 1, "content_type": 6, "object_id": "35", "object_repr": "Address object (35)", "action_flag": 3, "change_message": ""}}, {"model": "admin.logentry", "pk": 97, "fields": {"action_time": "2024-12-07T22:32:06.098Z", "user": 1, "content_type": 6, "object_id": "34", "object_repr": "Address object (34)", "action_flag": 3, "change_message": ""}}, {"model": "admin.logentry", "pk": 98, "fields": {"action_time": "2024-12-07T22:32:06.098Z", "user": 1, "content_type": 6, "object_id": "33", "object_repr": "Address object (33)", "action_flag": 3, "change_message": ""}}, {"model": "admin.logentry", "pk": 99, "fields": {"action_time": "2024-12-09T19:51:57.730Z", "user": 1, "content_type": 7, "object_id": "5", "object_repr": "333", "action_flag": 3, "change_message": ""}}, {"model": "admin.logentry", "pk": 100, "fields": {"action_time": "2024-12-09T19:51:57.730Z", "user": 1, "content_type": 7, "object_id": "4", "object_repr": "test", "action_flag": 3, "change_message": ""}}, {"model": "admin.logentry", "pk": 101, "fields": {"action_time": "2024-12-11T20:28:50.691Z", "user": 1, "content_type": 10, "object_id": "6", "object_repr": "product: 'T-shirts, ZARA, REGULAR FIT INTERLOCK T-SHIRT, White, M, 25.00, 5.00', quantity: 1, total price: 25.00", "action_flag": 3, "change_message": ""}}, {"model": "admin.logentry", "pk": 102, "fields": {"action_time": "2024-12-11T21:16:27.793Z", "user": 1, "content_type": 13, "object_id": "1", "object_repr": "2024-12-11 21:09:38, test@test.com, Pending, 52.50", "action_flag": 3, "change_message": ""}}, {"model": "admin.logentry", "pk": 103, "fields": {"action_time": "2024-12-11T21:17:21.063Z", "user": 1, "content_type": 10, "object_id": "1", "object_repr": "id: '1', product: 'T-shirts, ZARA, REGULAR FIT INTERLOCK T-SHIRT, White, M, 25.00, 5.00', quantity: 2, total price: 50.00", "action_flag": 2, "change_message": "[{\"changed\": {\"fields\": [\"Price\"]}}]"}}, {"model": "admin.logentry", "pk": 104, "fields": {"action_time": "2024-12-11T21:17:53.540Z", "user": 1, "content_type": 13, "object_id": "2", "object_repr": "2024-12-11 21:16:47, test@test.com, Pending, 49.00", "action_flag": 3, "change_message": ""}}, {"model": "admin.logentry", "pk": 105, "fields": {"action_time": "2024-12-12T19:47:13.712Z", "user": 1, "content_type": 13, "object_id": "3", "object_repr": "2024-12-12 19:46:58, test@test.com, Pending, 81.00", "action_flag": 3, "change_message": ""}}, {"model": "admin.logentry", "pk": 106, "fields": {"action_time": "2024-12-12T20:10:03.880Z", "user": 1, "content_type": 10, "object_id": "1", "object_repr": "id: '1', product: 'T-shirts, ZARA, REGULAR FIT INTERLOCK T-SHIRT, White, M, 25.00, 5.00', quantity: 2, total price: 50.00", "action_flag": 2, "change_message": "[]"}}, {"model": "admin.logentry", "pk": 107, "fields": {"action_time": "2024-12-12T20:29:17.239Z", "user": 1, "content_type": 10, "object_id": "5", "object_repr": "id: '5', product: 'T-shirts, ZARA, REGULAR FIT INTERLOCK T-SHIRT, Pink, S, 20.00, 1.00', quantity: 1, total price: 20.00", "action_flag": 2, "change_message": "[{\"changed\": {\"fields\": [\"Active\"]}}]"}}, {"model": "admin.logentry", "pk": 108, "fields": {"action_time": "2024-12-12T20:29:37.443Z", "user": 1, "content_type": 10, "object_id": "5", "object_repr": "id: '5', product: 'T-shirts, ZARA, REGULAR FIT INTERLOCK T-SHIRT, Pink, S, 20.00, 1.00', quantity: 1, total price: 20.00", "action_flag": 2, "change_message": "[{\"changed\": {\"fields\": [\"Active\"]}}]"}}, {"model": "admin.logentry", "pk": 109, "fields": {"action_time": "2024-12-12T21:00:19.428Z", "user": 1, "content_type": 10, "object_id": "5", "object_repr": "id: '5', product: 'T-shirts, ZARA, REGULAR FIT INTERLOCK T-SHIRT, Pink, S, 20.00, 1.00', quantity: 1, total price: 20.00", "action_flag": 2, "change_message": "[{\"changed\": {\"fields\": [\"Active\"]}}]"}}, {"model": "admin.logentry", "pk": 110, "fields": {"action_time": "2024-12-14T17:03:59.262Z", "user": 1, "content_type": 14, "object_id": "3", "object_repr": "T-shirts, ZARA, REGULAR FIT INTERLOCK T-SHIRT, Pink, L, 30, 1.00", "action_flag": 2, "change_message": "[{\"changed\": {\"fields\": [\"Price\"]}}]"}}, {"model": "admin.logentry", "pk": 111, "fields": {"action_time": "2024-12-14T17:07:24.471Z", "user": 1, "content_type": 14, "object_id": "7", "object_repr": "T-shirts, ZARA, REGULAR FIT INTERLOCK T-SHIRT, Pink, L, 1, 1", "action_flag": 1, "change_message": "[{\"added\": {}}]"}}, {"model": "admin.logentry", "pk": 112, "fields": {"action_time": "2024-12-14T17:07:53.076Z", "user": 1, "content_type": 14, "object_id": "7", "object_repr": "T-shirts, ZARA, REGULAR FIT INTERLOCK T-SHIRT, Pink, L, 1.00, 1.00", "action_flag": 3, "change_message": ""}}, {"model": "admin.logentry", "pk": 113, "fields": {"action_time": "2024-12-14T17:13:30.229Z", "user": 1, "content_type": 14, "object_id": "3", "object_repr": "T-shirts, ZARA, REGULAR FIT INTERLOCK T-SHIRT, Pink, L, 31, 1.00", "action_flag": 2, "change_message": "[{\"changed\": {\"fields\": [\"Price\"]}}]"}}, {"model": "admin.logentry", "pk": 114, "fields": {"action_time": "2024-12-14T17:34:49.485Z", "user": 1, "content_type": 13, "object_id": "5", "object_repr": "test@test.com, Pending, 70.00", "action_flag": 3, "change_message": ""}}, {"model": "admin.logentry", "pk": 115, "fields": {"action_time": "2024-12-14T17:34:49.485Z", "user": 1, "content_type": 13, "object_id": "4", "object_repr": "test@test.com, Pending, 81.00", "action_flag": 3, "change_message": ""}}, {"model": "admin.logentry", "pk": 116, "fields": {"action_time": "2024-12-14T17:44:41.427Z", "user": 1, "content_type": 10, "object_id": "3", "object_repr": "id: '3', product: 'T-shirts, ZARA, REGULAR FIT INTERLOCK T-SHIRT, Grey, M, 26.00, 0.00', quantity: 2, total price: 52.00", "action_flag": 2, "change_message": "[{\"changed\": {\"fields\": [\"Price\"]}}]"}}, {"model": "admin.logentry", "pk": 117, "fields": {"action_time": "2024-12-15T20:00:39.670Z", "user": 1, "content_type": 13, "object_id": "6", "object_repr": "2024-12-15 19:55:44, test@test.com, Pending, 72.00", "action_flag": 3, "change_message": ""}}, {"model": "admin.logentry", "pk": 118, "fields": {"action_time": "2024-12-15T20:03:34.316Z", "user": 1, "content_type": 13, "object_id": "7", "object_repr": "2024-12-15 20:00:59, test@test.com, Pending, 72.00", "action_flag": 3, "change_message": ""}}, {"model": "admin.logentry", "pk": 119, "fields": {"action_time": "2024-12-15T20:04:13.051Z", "user": 1, "content_type": 13, "object_id": "8", "object_repr": "2024-12-15 20:03:46, test@test.com, Pending, 72.00", "action_flag": 3, "change_message": ""}}, {"model": "admin.logentry", "pk": 120, "fields": {"action_time": "2024-12-15T20:04:50.509Z", "user": 1, "content_type": 13, "object_id": "9", "object_repr": "2024-12-15 20:04:18, test@test.com, Pending, 72.00", "action_flag": 3, "change_message": ""}}, {"model": "admin.logentry", "pk": 121, "fields": {"action_time": "2024-12-15T20:05:02.760Z", "user": 1, "content_type": 13, "object_id": "10", "object_repr": "2024-12-15 20:04:54, test@test.com, Pending, 72.00", "action_flag": 3, "change_message": ""}}, {"model": "admin.logentry", "pk": 122, "fields": {"action_time": "2024-12-15T20:07:04.306Z", "user": 1, "content_type": 13, "object_id": "11", "object_repr": "2024-12-15 20:06:54, test@test.com, Pending, 72.00", "action_flag": 3, "change_message": ""}}, {"model": "admin.logentry", "pk": 123, "fields": {"action_time": "2024-12-15T20:07:56.069Z", "user": 1, "content_type": 13, "object_id": "12", "object_repr": "2024-12-15 20:07:47, test@test.com, Pending, 72.00", "action_flag": 3, "change_message": ""}}, {"model": "admin.logentry", "pk": 124, "fields": {"action_time": "2024-12-15T20:09:43.569Z", "user": 1, "content_type": 13, "object_id": "13", "object_repr": "2024-12-15 20:09:36, test@test.com, Pending, 72.00", "action_flag": 3, "change_message": ""}}, {"model": "admin.logentry", "pk": 125, "fields": {"action_time": "2024-12-15T20:17:35.122Z", "user": 1, "content_type": 13, "object_id": "14", "object_repr": "2024-12-15 20:17:25, test@test.com, Pending, 72.00", "action_flag": 3, "change_message": ""}}, {"model": "admin.logentry", "pk": 126, "fields": {"action_time": "2024-12-15T20:18:44.953Z", "user": 1, "content_type": 13, "object_id": "15", "object_repr": "2024-12-15 20:18:32, test@test.com, Pending, 72.00", "action_flag": 3, "change_message": ""}}, {"model": "admin.logentry", "pk": 127, "fields": {"action_time": "2024-12-15T20:20:03.937Z", "user": 1, "content_type": 13, "object_id": "16", "object_repr": "2024-12-15 20:19:54, test@test.com, Pending, 72.00", "action_flag": 3, "change_message": ""}}, {"model": "admin.logentry", "pk": 128, "fields": {"action_time": "2024-12-15T20:22:40.901Z", "user": 1, "content_type": 13, "object_id": "18", "object_repr": "2024-12-15 20:22:31, test@test.com, Pending, 72.00", "action_flag": 3, "change_message": ""}}, {"model": "admin.logentry", "pk": 129, "fields": {"action_time": "2024-12-15T20:22:40.902Z", "user": 1, "content_type": 13, "object_id": "17", "object_repr": "2024-12-15 20:22:13, test@test.com, Pending, 72.00", "action_flag": 3, "change_message": ""}}, {"model": "admin.logentry", "pk": 130, "fields": {"action_time": "2024-12-15T20:24:04.104Z", "user": 1, "content_type": 13, "object_id": "19", "object_repr": "2024-12-15 20:23:50, test@test.com, Pending, 72.00", "action_flag": 3, "change_message": ""}}, {"model": "admin.logentry", "pk": 131, "fields": {"action_time": "2024-12-15T20:25:29.617Z", "user": 1, "content_type": 13, "object_id": "20", "object_repr": "2024-12-15 20:25:21, test@test.com, Pending, 72.00", "action_flag": 3, "change_message": ""}}, {"model": "admin.logentry", "pk": 132, "fields": {"action_time": "2024-12-15T20:30:34.678Z", "user": 1, "content_type": 13, "object_id": "21", "object_repr": "2024-12-15 20:30:17, test@test.com, Pending, 72.00", "action_flag": 3, "change_message": ""}}, {"model": "admin.logentry", "pk": 133, "fields": {"action_time": "2024-12-15T20:58:06.317Z", "user": 1, "content_type": 13, "object_id": "23", "object_repr": "2024-12-15 20:53:59, test@test.com, Pending, 0.00", "action_flag": 3, "change_message": ""}}, {"model": "admin.logentry", "pk": 134, "fields": {"action_time": "2024-12-15T20:58:06.317Z", "user": 1, "content_type": 13, "object_id": "22", "object_repr": "2024-12-15 20:53:43, test@test.com, Pending, 72.00", "action_flag": 3, "change_message": ""}}, {"model": "admin.logentry", "pk": 135, "fields": {"action_time": "2024-12-15T20:59:27.540Z", "user": 1, "content_type": 13, "object_id": "24", "object_repr": "2024-12-15 20:59:00, test@test.com, Pending, 72.00", "action_flag": 3, "change_message": ""}}, {"model": "admin.logentry", "pk": 136, "fields": {"action_time": "2024-12-15T21:00:40.967Z", "user": 1, "content_type": 13, "object_id": "25", "object_repr": "2024-12-15 21:00:28, test@test.com, Pending, 72.00", "action_flag": 3, "change_message": ""}}, {"model": "admin.logentry", "pk": 137, "fields": {"action_time": "2024-12-28T19:59:18.260Z", "user": 1, "content_type": 13, "object_id": "26", "object_repr": "2024-12-15 21:02:26, test@test.com, Pending, 72.00", "action_flag": 3, "change_message": ""}}, {"model": "admin.logentry", "pk": 138, "fields": {"action_time": "2024-12-28T20:30:05.560Z", "user": 1, "content_type": 13, "object_id": "27", "object_repr": "2024-12-28 20:01:35, test@test.com, Pending, 189.00", "action_flag": 3, "change_message": ""}}, {"model": "admin.logentry", "pk": 139, "fields": {"action_time": "2024-12-28T20:34:26.030Z", "user": 1, "content_type": 10, "object_id": "12", "object_repr": "id: '12', product: 'T-shirts, ZARA, REGULAR FIT INTERLOCK T-SHIRT, White, M, price: 25.00, discount: 5.00, inventory: 22', quantity: 2, price: 25.00", "action_flag": 3, "change_message": ""}}, {"model": "admin.logentry", "pk": 140, "fields": {"action_time": "2024-12-28T20:37:20.333Z", "user": 1, "content_type": 14, "object_id": "1", "object_repr": "T-shirts, ZARA, REGULAR FIT INTERLOCK T-SHIRT, White, M, price: 25.00, discount: 10, inventory: 22", "action_flag": 2, "change_message": "[{\"changed\": {\"fields\": [\"Discount\"]}}]"}}, {"model": "admin.logentry", "pk": 141, "fields": {"action_time": "2024-12-30T21:01:50.962Z", "user": 1, "content_type": 6, "object_id": "2", "object_repr": "22222, test Country, test Region, test City, test Street", "action_flag": 2, "change_message": "[{\"changed\": {\"fields\": [\"Default\"]}}]"}}, {"model": "admin.logentry", "pk": 142, "fields": {"action_time": "2024-12-30T21:01:53.699Z", "user": 1, "content_type": 6, "object_id": "4", "object_repr": "10001, Ukraine, Lvivska oblast, Lviv, Nova, 1", "action_flag": 2, "change_message": "[{\"changed\": {\"fields\": [\"Default\"]}}]"}}, {"model": "admin.logentry", "pk": 143, "fields": {"action_time": "2024-12-30T21:01:55.837Z", "user": 1, "content_type": 6, "object_id": "36", "object_repr": "9, 65, 66, 7, 8", "action_flag": 2, "change_message": "[{\"changed\": {\"fields\": [\"Default\"]}}]"}}, {"model": "admin.logentry", "pk": 144, "fields": {"action_time": "2024-12-30T21:08:57.314Z", "user": 1, "content_type": 13, "object_id": "28", "object_repr": "2024-12-28 20:39:04, test@test.com, Pending, 69.00", "action_flag": 3, "change_message": ""}}, {"model": "admin.logentry", "pk": 145, "fields": {"action_time": "2025-01-01T20:07:50.676Z", "user": 1, "content_type": 6, "object_id": "38", "object_repr": "5, 5, 5, 5, 5", "action_flag": 3, "change_message": ""}}, {"model": "admin.logentry", "pk": 146, "fields": {"action_time": "2025-01-01T20:07:50.676Z", "user": 1, "content_type": 6, "object_id": "37", "object_repr": "4, 4, 4, 4, 4", "action_flag": 3, "change_message": ""}}, {"model": "admin.logentry", "pk": 147, "fields": {"action_time": "2025-01-01T20:13:00.777Z", "user": 1, "content_type": 6, "object_id": "39", "object_repr": "4, 4, 4, 4, 4", "action_flag": 3, "change_message": ""}}, {"model": "admin.logentry", "pk": 148, "fields": {"action_time": "2025-01-01T20:14:06.684Z", "user": 1, "content_type": 6, "object_id": "40", "object_repr": "4, 4, 4, 4, 4", "action_flag": 3, "change_message": ""}}, {"model": "admin.logentry", "pk": 149, "fields": {"action_time": "2025-01-01T20:14:35.238Z", "user": 1, "content_type": 6, "object_id": "41", "object_repr": "4, 4, 4, 4, 4", "action_flag": 3, "change_message": ""}}, {"model": "admin.logentry", "pk": 150, "fields": {"action_time": "2025-01-01T20:15:36.971Z", "user": 1, "content_type": 6, "object_id": "42", "object_repr": "4, 4, 4, 4, 4", "action_flag": 3, "change_message": ""}}, {"model": "admin.logentry", "pk": 151, "fields": {"action_time": "2025-01-01T20:16:34.340Z", "user": 1, "content_type": 6, "object_id": "43", "object_repr": "4, 4, 4, 4, 4", "action_flag": 3, "change_message": ""}}, {"model": "admin.logentry", "pk": 152, "fields": {"action_time": "2025-01-01T20:17:29.515Z", "user": 1, "content_type": 6, "object_id": "44", "object_repr": "4, 4, 4, 4, 4", "action_flag": 3, "change_message": ""}}, {"model": "admin.logentry", "pk": 153, "fields": {"action_time": "2025-01-01T20:31:39.558Z", "user": 1, "content_type": 15, "object_id": "1", "object_repr": "Vitalii Test123", "action_flag": 2, "change_message": "[{\"changed\": {\"fields\": [\"Addresses\"]}}]"}}, {"model": "admin.logentry", "pk": 154, "fields": {"action_time": "2025-01-01T20:31:48.173Z", "user": 1, "content_type": 15, "object_id": "2", "object_repr": "test test Last name", "action_flag": 2, "change_message": "[{\"changed\": {\"fields\": [\"Addresses\"]}}]"}}, {"model": "admin.logentry", "pk": 155, "fields": {"action_time": "2025-01-01T20:32:05.888Z", "user": 1, "content_type": 6, "object_id": "46", "object_repr": "4, 4, 4, 4, 4", "action_flag": 3, "change_message": ""}}, {"model": "admin.logentry", "pk": 156, "fields": {"action_time": "2025-01-01T20:32:05.889Z", "user": 1, "content_type": 6, "object_id": "45", "object_repr": "5, 5, 5, 5, 5", "action_flag": 3, "change_message": ""}}, {"model": "admin.logentry", "pk": 157, "fields": {"action_time": "2025-01-01T20:32:08.787Z", "user": 1, "content_type": 6, "object_id": "3", "object_repr": "22333, ewrwerwer, werteteterter, terterter, tertertertert", "action_flag": 2, "change_message": "[{\"changed\": {\"fields\": [\"Default\"]}}]"}}, {"model": "admin.logentry", "pk": 158, "fields": {"action_time": "2025-01-01T20:44:19.319Z", "user": 1, "content_type": 6, "object_id": "47", "object_repr": "4, 4, 4, 4, 4", "action_flag": 2, "change_message": "[{\"changed\": {\"fields\": [\"Default\"]}}]"}}, {"model": "admin.logentry", "pk": 159, "fields": {"action_time": "2025-01-01T20:46:31.850Z", "user": 1, "content_type": 6, "object_id": "48", "object_repr": "5, 5, 5, 5, 5", "action_flag": 3, "change_message": ""}}, {"model": "admin.logentry", "pk": 160, "fields": {"action_time": "2025-01-01T20:46:49.719Z", "user": 1, "content_type": 6, "object_id": "49", "object_repr": "5, 5, 5, 5, 5", "action_flag": 3, "change_message": ""}}, {"model": "admin.logentry", "pk": 161, "fields": {"action_time": "2025-01-01T20:56:48.592Z", "user": 1, "content_type": 6, "object_id": "52", "object_repr": "4, 4, 4, 4, 4", "action_flag": 3, "change_message": ""}}, {"model": "admin.logentry", "pk": 162, "fields": {"action_time": "2025-01-01T20:56:48.592Z", "user": 1, "content_type": 6, "object_id": "51", "object_repr": "4, 4, 4, 4, 4", "action_flag": 3, "change_message": ""}}, {"model": "admin.logentry", "pk": 163, "fields": {"action_time": "2025-01-01T20:59:27.304Z", "user": 1, "content_type": 6, "object_id": "54", "object_repr": "6, 6, 6, 6, 6", "action_flag": 3, "change_message": ""}}, {"model": "admin.logentry", "pk": 164, "fields": {"action_time": "2025-01-01T20:59:27.304Z", "user": 1, "content_type": 6, "object_id": "53", "object_repr": "4, 4, 4, 4, 4", "action_flag": 3, "change_message": ""}}, {"model": "admin.logentry", "pk": 165, "fields": {"action_time": "2025-01-01T20:59:27.304Z", "user": 1, "content_type": 6, "object_id": "50", "object_repr": "5, 5, 5, 5, 5", "action_flag": 3, "change_message": ""}}, {"model": "admin.logentry", "pk": 166, "fields": {"action_time": "2025-01-05T19:11:13.732Z", "user": 1, "content_type": 15, "object_id": "2", "object_repr": "test test Last name", "action_flag": 2, "change_message": "[{\"changed\": {\"fields\": [\"Addresses\"]}}]"}}, {"model": "admin.logentry", "pk": 167, "fields": {"action_time": "2025-01-05T19:22:32.262Z", "user": 1, "content_type": 6, "object_id": "60", "object_repr": "7, 7, 7, 7, 7", "action_flag": 3, "change_message": ""}}, {"model": "admin.logentry", "pk": 168, "fields": {"action_time": "2025-01-05T19:22:32.262Z", "user": 1, "content_type": 6, "object_id": "59", "object_repr": "7, 7, 7, 7, 7", "action_flag": 3, "change_message": ""}}, {"model": "admin.logentry", "pk": 169, "fields": {"action_time": "2025-01-05T19:23:33.788Z", "user": 1, "content_type": 15, "object_id": "2", "object_repr": "test test Last name", "action_flag": 2, "change_message": "[{\"changed\": {\"fields\": [\"Addresses\"]}}]"}}, {"model": "admin.logentry", "pk": 170, "fields": {"action_time": "2025-01-05T19:24:02.842Z", "user": 1, "content_type": 15, "object_id": "2", "object_repr": "test test Last name", "action_flag": 2, "change_message": "[{\"changed\": {\"fields\": [\"Addresses\"]}}]"}}, {"model": "admin.logentry", "pk": 171, "fields": {"action_time": "2025-01-05T19:42:49.079Z", "user": 1, "content_type": 15, "object_id": "2", "object_repr": "test test Last name", "action_flag": 2, "change_message": "[{\"changed\": {\"fields\": [\"Addresses\"]}}]"}}, {"model": "admin.logentry", "pk": 172, "fields": {"action_time": "2025-01-08T20:27:01.104Z", "user": 1, "content_type": 13, "object_id": "29", "object_repr": "2024-12-30 21:09:15, test@test.com, Pending, 69.00", "action_flag": 3, "change_message": ""}}, {"model": "admin.logentry", "pk": 173, "fields": {"action_time": "2025-01-08T20:51:06.697Z", "user": 1, "content_type": 13, "object_id": "32", "object_repr": "2025-01-08 20:37:34, test@test.com, Paid, 22.50", "action_flag": 3, "change_message": ""}}, {"model": "admin.logentry", "pk": 174, "fields": {"action_time": "2025-01-08T20:51:06.697Z", "user": 1, "content_type": 13, "object_id": "31", "object_repr": "2025-01-08 20:27:31, test@test.com, Pending, 69.00", "action_flag": 3, "change_message": ""}}, {"model": "admin.logentry", "pk": 175, "fields": {"action_time": "2025-01-08T20:58:01.560Z", "user": 1, "content_type": 13, "object_id": "34", "object_repr": "2025-01-08 20:56:55, test@test.com, Pending, 45.00", "action_flag": 3, "change_message": ""}}, {"model": "admin.logentry", "pk": 176, "fields": {"action_time": "2025-01-09T20:25:17.854Z", "user": 1, "content_type": 22, "object_id": "7", "object_repr": "Payment id 7, status Paid by user test@test.com", "action_flag": 3, "change_message": ""}}, {"model": "admin.logentry", "pk": 177, "fields": {"action_time": "2025-01-09T20:25:17.854Z", "user": 1, "content_type": 22, "object_id": "6", "object_repr": "Payment id 6, status Paid by user test@test.com", "action_flag": 3, "change_message": ""}}, {"model": "admin.logentry", "pk": 178, "fields": {"action_time": "2025-01-09T20:35:20.560Z", "user": 1, "content_type": 13, "object_id": "37", "object_repr": "37, 2025-01-08 21:08:37, test@test.com, Paid, 24.00", "action_flag": 3, "change_message": ""}}, {"model": "admin.logentry", "pk": 179, "fields": {"action_time": "2025-01-09T20:35:20.560Z", "user": 1, "content_type": 13, "object_id": "36", "object_repr": "36, 2025-01-08 21:01:07, test@test.com, Paid, 30.69", "action_flag": 3, "change_message": ""}}, {"model": "admin.logentry", "pk": 180, "fields": {"action_time": "2025-01-09T20:43:07.083Z", "user": 1, "content_type": 13, "object_id": "39", "object_repr": "39, 2025-01-09 20:35:53, test@test.com, Paid, 22.50", "action_flag": 3, "change_message": ""}}, {"model": "admin.logentry", "pk": 181, "fields": {"action_time": "2025-01-09T20:43:07.084Z", "user": 1, "content_type": 13, "object_id": "38", "object_repr": "38, 2025-01-09 20:35:38, test@test.com, Paid, 19.80", "action_flag": 3, "change_message": ""}}, {"model": "admin.logentry", "pk": 182, "fields": {"action_time": "2025-01-09T20:50:25.005Z", "user": 1, "content_type": 13, "object_id": "41", "object_repr": "41, 2025-01-09 20:43:30, test@test.com, Paid, 22.50", "action_flag": 3, "change_message": ""}}, {"model": "admin.logentry", "pk": 183, "fields": {"action_time": "2025-01-09T20:50:25.005Z", "user": 1, "content_type": 13, "object_id": "40", "object_repr": "40, 2025-01-09 20:43:26, test@test.com, Paid, 24.00", "action_flag": 3, "change_message": ""}}, {"model": "admin.logentry", "pk": 184, "fields": {"action_time": "2025-01-09T21:02:01.002Z", "user": 1, "content_type": 13, "object_id": "44", "object_repr": "44, 2025-01-09 21:01:14, test@test.com, Pending, 22.50", "action_flag": 3, "change_message": ""}}, {"model": "admin.logentry", "pk": 185, "fields": {"action_time": "2025-01-09T21:02:01.002Z", "user": 1, "content_type": 13, "object_id": "43", "object_repr": "43, 2025-01-09 20:58:20, test@test.com, Pending, 30.69", "action_flag": 3, "change_message": ""}}, {"model": "admin.logentry", "pk": 186, "fields": {"action_time": "2025-01-09T21:02:01.002Z", "user": 1, "content_type": 13, "object_id": "42", "object_repr": "42, 2025-01-09 20:50:44, test@test.com, Pending, 22.50", "action_flag": 3, "change_message": ""}}, {"model": "admin.logentry", "pk": 187, "fields": {"action_time": "2025-01-09T21:11:32.397Z", "user": 1, "content_type": 13, "object_id": "47", "object_repr": "47, 2025-01-09 21:10:48, test@test.com, Pending, 30.69", "action_flag": 3, "change_message": ""}}, {"model": "admin.logentry", "pk": 188, "fields": {"action_time": "2025-01-09T21:11:32.397Z", "user": 1, "content_type": 13, "object_id": "46", "object_repr": "46, 2025-01-09 21:04:17, test@test.com, Pending, 30.69", "action_flag": 3, "change_message": ""}}, {"model": "admin.logentry", "pk": 189, "fields": {"action_time": "2025-01-09T21:11:32.397Z", "user": 1, "content_type": 13, "object_id": "45", "object_repr": "45, 2025-01-09 21:02:12, test@test.com, Pending, 22.50", "action_flag": 3, "change_message": ""}}, {"model": "admin.logentry", "pk": 190, "fields": {"action_time": "2025-01-09T21:11:42.946Z", "user": 1, "content_type": 14, "object_id": "6", "object_repr": "T-shirts, ZARA, REGULAR FIT INTERLOCK T-SHIRT, Pink, S, price: 20.00, discount: 1.00, inventory: 92", "action_flag": 2, "change_message": "[{\"changed\": {\"fields\": [\"Inventory\"]}}]"}}, {"model": "admin.logentry", "pk": 191, "fields": {"action_time": "2025-01-09T21:11:45.992Z", "user": 1, "content_type": 14, "object_id": "4", "object_repr": "T-shirts, ZARA, REGULAR FIT INTERLOCK T-SHIRT, Pink, M, price: 25.00, discount: 4.00, inventory: 93", "action_flag": 2, "change_message": "[{\"changed\": {\"fields\": [\"Inventory\"]}}]"}}, {"model": "admin.logentry", "pk": 192, "fields": {"action_time": "2025-01-09T21:11:48.853Z", "user": 1, "content_type": 14, "object_id": "3", "object_repr": "T-shirts, ZARA, REGULAR FIT INTERLOCK T-SHIRT, Pink, L, price: 31.00, discount: 1.00, inventory: 91", "action_flag": 2, "change_message": "[{\"changed\": {\"fields\": [\"Inventory\"]}}]"}}, {"model": "admin.logentry", "pk": 193, "fields": {"action_time": "2025-01-09T21:11:52.158Z", "user": 1, "content_type": 14, "object_id": "2", "object_repr": "T-shirts, ZARA, REGULAR FIT INTERLOCK T-SHIRT, Grey, M, price: 26.00, discount: 0.00, inventory: 93", "action_flag": 2, "change_message": "[{\"changed\": {\"fields\": [\"Inventory\"]}}]"}}, {"model": "admin.logentry", "pk": 194, "fields": {"action_time": "2025-01-09T21:11:55.170Z", "user": 1, "content_type": 14, "object_id": "1", "object_repr": "T-shirts, ZARA, REGULAR FIT INTERLOCK T-SHIRT, White, M, price: 25.00, discount: 10.00, inventory: 95", "action_flag": 2, "change_message": "[{\"changed\": {\"fields\": [\"Inventory\"]}}]"}}, {"model": "admin.logentry", "pk": 195, "fields": {"action_time": "2025-01-09T22:00:54.676Z", "user": 1, "content_type": 13, "object_id": "52", "object_repr": "52, 2025-01-09 21:37:10, test@test.com, Pending, 39.60", "action_flag": 3, "change_message": ""}}, {"model": "admin.logentry", "pk": 196, "fields": {"action_time": "2025-01-09T22:00:54.676Z", "user": 1, "content_type": 13, "object_id": "51", "object_repr": "51, 2025-01-09 21:34:20, test@test.com, Pending, 39.60", "action_flag": 3, "change_message": ""}}, {"model": "admin.logentry", "pk": 197, "fields": {"action_time": "2025-01-09T22:00:54.676Z", "user": 1, "content_type": 13, "object_id": "50", "object_repr": "50, 2025-01-09 21:24:57, test@test.com, Pending, 24.00", "action_flag": 3, "change_message": ""}}, {"model": "admin.logentry", "pk": 198, "fields": {"action_time": "2025-01-09T22:00:54.676Z", "user": 1, "content_type": 13, "object_id": "49", "object_repr": "49, 2025-01-09 21:12:56, test@test.com, Pending, 312.00", "action_flag": 3, "change_message": ""}}, {"model": "admin.logentry", "pk": 199, "fields": {"action_time": "2025-01-09T22:00:54.676Z", "user": 1, "content_type": 13, "object_id": "48", "object_repr": "48, 2025-01-09 21:12:15, test@test.com, Pending, 22.50", "action_flag": 3, "change_message": ""}}, {"model": "auth.permission", "pk": 1, "fields": {"name": "Can add log entry", "content_type": 1, "codename": "add_logentry"}}, {"model": "auth.permission", "pk": 2, "fields": {"name": "Can change log entry", "content_type": 1, "codename": "change_logentry"}}, {"model": "auth.permission", "pk": 3, "fields": {"name": "Can delete log entry", "content_type": 1, "codename": "delete_logentry"}}, {"model": "auth.permission", "pk": 4, "fields": {"name": "Can view log entry", "content_type": 1, "codename": "view_logentry"}}, {"model": "auth.permission", "pk": 5, "fields": {"name": "Can add permission", "content_type": 2, "codename": "add_permission"}}, {"model": "auth.permission", "pk": 6, "fields": {"name": "Can change permission", "content_type": 2, "codename": "change_permission"}}, {"model": "auth.permission", "pk": 7, "fields": {"name": "Can delete permission", "content_type": 2, "codename": "delete_permission"}}, {"model": "auth.permission", "pk": 8, "fields": {"name": "Can view permission", "content_type": 2, "codename": "view_permission"}}, {"model": "auth.permission", "pk": 9, "fields": {"name": "Can add group", "content_type": 3, "codename": "add_group"}}, {"model": "auth.permission", "pk": 10, "fields": {"name": "Can change group", "content_type": 3, "codename": "change_group"}}, {"model": "auth.permission", "pk": 11, "fields": {"name": "Can delete group", "content_type": 3, "codename": "delete_group"}}, {"model": "auth.permission", "pk": 12, "fields": {"name": "Can view group", "content_type": 3, "codename": "view_group"}}, {"model": "auth.permission", "pk": 13, "fields": {"name": "Can add content type", "content_type": 4, "codename": "add_contenttype"}}, {"model": "auth.permission", "pk": 14, "fields": {"name": "Can change content type", "content_type": 4, "codename": "change_contenttype"}}, {"model": "auth.permission", "pk": 15, "fields": {"name": "Can delete content type", "content_type": 4, "codename": "delete_contenttype"}}, {"model": "auth.permission", "pk": 16, "fields": {"name": "Can view content type", "content_type": 4, "codename": "view_contenttype"}}, {"model": "auth.permission", "pk": 17, "fields": {"name": "Can add session", "content_type": 5, "codename": "add_session"}}, {"model": "auth.permission", "pk": 18, "fields": {"name": "Can change session", "content_type": 5, "codename": "change_session"}}, {"model": "auth.permission", "pk": 19, "fields": {"name": "Can delete session", "content_type": 5, "codename": "delete_session"}}, {"model": "auth.permission", "pk": 20, "fields": {"name": "Can view session", "content_type": 5, "codename": "view_session"}}, {"model": "auth.permission", "pk": 21, "fields": {"name": "Can add address", "content_type": 6, "codename": "add_address"}}, {"model": "auth.permission", "pk": 22, "fields": {"name": "Can change address", "content_type": 6, "codename": "change_address"}}, {"model": "auth.permission", "pk": 23, "fields": {"name": "Can delete address", "content_type": 6, "codename": "delete_address"}}, {"model": "auth.permission", "pk": 24, "fields": {"name": "Can view address", "content_type": 6, "codename": "view_address"}}, {"model": "auth.permission", "pk": 25, "fields": {"name": "Can add brand", "content_type": 7, "codename": "add_brand"}}, {"model": "auth.permission", "pk": 26, "fields": {"name": "Can change brand", "content_type": 7, "codename": "change_brand"}}, {"model": "auth.permission", "pk": 27, "fields": {"name": "Can delete brand", "content_type": 7, "codename": "delete_brand"}}, {"model": "auth.permission", "pk": 28, "fields": {"name": "Can view brand", "content_type": 7, "codename": "view_brand"}}, {"model": "auth.permission", "pk": 29, "fields": {"name": "Can add category", "content_type": 8, "codename": "add_category"}}, {"model": "auth.permission", "pk": 30, "fields": {"name": "Can change category", "content_type": 8, "codename": "change_category"}}, {"model": "auth.permission", "pk": 31, "fields": {"name": "Can delete category", "content_type": 8, "codename": "delete_category"}}, {"model": "auth.permission", "pk": 32, "fields": {"name": "Can view category", "content_type": 8, "codename": "view_category"}}, {"model": "auth.permission", "pk": 33, "fields": {"name": "Can add color", "content_type": 9, "codename": "add_color"}}, {"model": "auth.permission", "pk": 34, "fields": {"name": "Can change color", "content_type": 9, "codename": "change_color"}}, {"model": "auth.permission", "pk": 35, "fields": {"name": "Can delete color", "content_type": 9, "codename": "delete_color"}}, {"model": "auth.permission", "pk": 36, "fields": {"name": "Can view color", "content_type": 9, "codename": "view_color"}}, {"model": "auth.permission", "pk": 37, "fields": {"name": "Can add order item", "content_type": 10, "codename": "add_orderitem"}}, {"model": "auth.permission", "pk": 38, "fields": {"name": "Can change order item", "content_type": 10, "codename": "change_orderitem"}}, {"model": "auth.permission", "pk": 39, "fields": {"name": "Can delete order item", "content_type": 10, "codename": "delete_orderitem"}}, {"model": "auth.permission", "pk": 40, "fields": {"name": "Can view order item", "content_type": 10, "codename": "view_orderitem"}}, {"model": "auth.permission", "pk": 41, "fields": {"name": "Can add product photo", "content_type": 11, "codename": "add_productphoto"}}, {"model": "auth.permission", "pk": 42, "fields": {"name": "Can change product photo", "content_type": 11, "codename": "change_productphoto"}}, {"model": "auth.permission", "pk": 43, "fields": {"name": "Can delete product photo", "content_type": 11, "codename": "delete_productphoto"}}, {"model": "auth.permission", "pk": 44, "fields": {"name": "Can view product photo", "content_type": 11, "codename": "view_productphoto"}}, {"model": "auth.permission", "pk": 45, "fields": {"name": "Can add size", "content_type": 12, "codename": "add_size"}}, {"model": "auth.permission", "pk": 46, "fields": {"name": "Can change size", "content_type": 12, "codename": "change_size"}}, {"model": "auth.permission", "pk": 47, "fields": {"name": "Can delete size", "content_type": 12, "codename": "delete_size"}}, {"model": "auth.permission", "pk": 48, "fields": {"name": "Can view size", "content_type": 12, "codename": "view_size"}}, {"model": "auth.permission", "pk": 49, "fields": {"name": "Can add order", "content_type": 13, "codename": "add_order"}}, {"model": "auth.permission", "pk": 50, "fields": {"name": "Can change order", "content_type": 13, "codename": "change_order"}}, {"model": "auth.permission", "pk": 51, "fields": {"name": "Can delete order", "content_type": 13, "codename": "delete_order"}}, {"model": "auth.permission", "pk": 52, "fields": {"name": "Can view order", "content_type": 13, "codename": "view_order"}}, {"model": "auth.permission", "pk": 53, "fields": {"name": "Can add product", "content_type": 14, "codename": "add_product"}}, {"model": "auth.permission", "pk": 54, "fields": {"name": "Can change product", "content_type": 14, "codename": "change_product"}}, {"model": "auth.permission", "pk": 55, "fields": {"name": "Can delete product", "content_type": 14, "codename": "delete_product"}}, {"model": "auth.permission", "pk": 56, "fields": {"name": "Can view product", "content_type": 14, "codename": "view_product"}}, {"model": "auth.permission", "pk": 57, "fields": {"name": "Can add profile", "content_type": 15, "codename": "add_profile"}}, {"model": "auth.permission", "pk": 58, "fields": {"name": "Can change profile", "content_type": 15, "codename": "change_profile"}}, {"model": "auth.permission", "pk": 59, "fields": {"name": "Can delete profile", "content_type": 15, "codename": "delete_profile"}}, {"model": "auth.permission", "pk": 60, "fields": {"name": "Can view profile", "content_type": 15, "codename": "view_profile"}}, {"model": "auth.permission", "pk": 61, "fields": {"name": "Can add product head", "content_type": 16, "codename": "add_producthead"}}, {"model": "auth.permission", "pk": 62, "fields": {"name": "Can change product head", "content_type": 16, "codename": "change_producthead"}}, {"model": "auth.permission", "pk": 63, "fields": {"name": "Can delete product head", "content_type": 16, "codename": "delete_producthead"}}, {"model": "auth.permission", "pk": 64, "fields": {"name": "Can view product head", "content_type": 16, "codename": "view_producthead"}}, {"model": "auth.permission", "pk": 65, "fields": {"name": "Can add user", "content_type": 17, "codename": "add_user"}}, {"model": "auth.permission", "pk": 66, "fields": {"name": "Can change user", "content_type": 17, "codename": "change_user"}}, {"model": "auth.permission", "pk": 67, "fields": {"name": "Can delete user", "content_type": 17, "codename": "delete_user"}}, {"model": "auth.permission", "pk": 68, "fields": {"name": "Can view user", "content_type": 17, "codename": "view_user"}}, {"model": "auth.permission", "pk": 69, "fields": {"name": "Can add blacklisted token", "content_type": 18, "codename": "add_blacklistedtoken"}}, {"model": "auth.permission", "pk": 70, "fields": {"name": "Can change blacklisted token", "content_type": 18, "codename": "change_blacklistedtoken"}}, {"model": "auth.permission", "pk": 71, "fields": {"name": "Can delete blacklisted token", "content_type": 18, "codename": "delete_blacklistedtoken"}}, {"model": "auth.permission", "pk": 72, "fields": {"name": "Can view blacklisted token", "content_type": 18, "codename": "view_blacklistedtoken"}}, {"model": "auth.permission", "pk": 73, "fields": {"name": "Can add outstanding token", "content_type": 19, "codename": "add_outstandingtoken"}}, {"model": "auth.permission", "pk": 74, "fields": {"name": "Can change outstanding token", "content_type": 19, "codename": "change_outstandingtoken"}}, {"model": "auth.permission", "pk": 75, "fields": {"name": "Can delete outstanding token", "content_type": 19, "codename": "delete_outstandingtoken"}}, {"model": "auth.permission", "pk": 76, "fields": {"name": "Can view outstanding token", "content_type": 19, "codename": "view_outstandingtoken"}}, {"model": "auth.permission", "pk": 77, "fields": {"name": "Can add Token", "content_type": 20, "codename": "add_token"}}, {"model": "auth.permission", "pk": 78, "fields": {"name": "Can change Token", "content_type": 20, "codename": "change_token"}}, {"model": "auth.permission", "pk": 79, "fields": {"name": "Can delete Token", "content_type": 20, "codename": "delete_token"}}, {"model": "auth.permission", "pk": 80, "fields": {"name": "Can view Token", "content_type": 20, "codename": "view_token"}}, {"model": "auth.permission", "pk": 81, "fields": {"name": "Can add Token", "content_type": 21, "codename": "add_tokenproxy"}}, {"model": "auth.permission", "pk": 82, "fields": {"name": "Can change Token", "content_type": 21, "codename": "change_tokenproxy"}}, {"model": "auth.permission", "pk": 83, "fields": {"name": "Can delete Token", "content_type": 21, "codename": "delete_tokenproxy"}}, {"model": "auth.permission", "pk": 84, "fields": {"name": "Can view Token", "content_type": 21, "codename": "view_tokenproxy"}}, {"model": "auth.permission", "pk": 85, "fields": {"name": "Can add payment", "content_type": 22, "codename": "add_payment"}}, {"model": "auth.permission", "pk": 86, "fields": {"name": "Can change payment", "content_type": 22, "codename": "change_payment"}}, {"model": "auth.permission", "pk": 87, "fields": {"name": "Can delete payment", "content_type": 22, "codename": "delete_payment"}}, {"model": "auth.permission", "pk": 88, "fields": {"name": "Can view payment", "content_type": 22, "codename": "view_payment"}}, {"model": "contenttypes.contenttype", "pk": 1, "fields": {"app_label": "admin", "model": "logentry"}}, {"model": "contenttypes.contenttype", "pk": 2, "fields": {"app_label": "auth", "model": "permission"}}, {"model": "contenttypes.contenttype", "pk": 3, "fields": {"app_label": "auth", "model": "group"}}, {"model": "contenttypes.contenttype", "pk": 4, "fields": {"app_label": "contenttypes", "model": "contenttype"}}, {"model": "contenttypes.contenttype", "pk": 5, "fields": {"app_label": "sessions", "model": "session"}}, {"model": "contenttypes.contenttype", "pk": 6, "fields": {"app_label": "lux_clothing", "model": "address"}}, {"model": "contenttypes.contenttype", "pk": 7, "fields": {"app_label": "lux_clothing", "model": "brand"}}, {"model": "contenttypes.contenttype", "pk": 8, "fields": {"app_label": "lux_clothing", "model": "category"}}, {"model": "contenttypes.contenttype", "pk": 9, "fields": {"app_label": "lux_clothing", "model": "color"}}, {"model": "contenttypes.contenttype", "pk": 10, "fields": {"app_label": "lux_clothing", "model": "orderitem"}}, {"model": "contenttypes.contenttype", "pk": 11, "fields": {"app_label": "lux_clothing", "model": "productphoto"}}, {"model": "contenttypes.contenttype", "pk": 12, "fields": {"app_label": "lux_clothing", "model": "size"}}, {"model": "contenttypes.contenttype", "pk": 13, "fields": {"app_label": "lux_clothing", "model": "order"}}, {"model": "contenttypes.contenttype", "pk": 14, "fields": {"app_label": "lux_clothing", "model": "product"}}, {"model": "contenttypes.contenttype", "pk": 15, "fields": {"app_label": "lux_clothing", "model": "profile"}}, {"model": "contenttypes.contenttype", "pk": 16, "fields": {"app_label": "lux_clothing", "model": "producthead"}}, {"model": "contenttypes.contenttype", "pk": 17, "fields": {"app_label": "user", "model": "user"}}, {"model": "contenttypes.contenttype", "pk": 18, "fields": {"app_label": "token_blacklist", "model": "blacklistedtoken"}}, {"model": "contenttypes.contenttype", "pk": 19, "fields": {"app_label": "token_blacklist", "model": "outstandingtoken"}}, {"model": "contenttypes.contenttype", "pk": 20, "fields": {"app_label": "authtoken", "model": "token"}}, {"model": "contenttypes.contenttype", "pk": 21, "fields": {"app_label": "authtoken", "model": "tokenproxy"}}, {"model": "contenttypes.contenttype", "pk": 22, "fields": {"app_label": "payment", "model": "payment"}}, {"model": "sessions.session", "pk": "4qkv6ihv63jtt27t5csvvksgr73z4jfz", "fields": {"session_data": ".eJxVjEEOgjAQRe_StWk6hTpTl-45Axk6U4saSCisjHdXEha6_e-9_zI9b2vpt6pLP4q5GDCn323g9NBpB3Ln6TbbNE_rMg52V-xBq-1m0ef1cP8OCtfyrduMUTME7xrMdCb1Ap5AUKMiO3BMgcCrhERtauIgKEAYkH3LMTnz_gDNLDdU:1tVcIB:c8_K6zg-Jtg8oFb_GL3LNyB7gJ7f7NqDsYfDXmqHUG8", "expire_date": "2025-01-22T20:04:39.830Z"}}, {"model": "sessions.session", "pk": "9dhd118s55mr36jsklca08vcwgii3e1v", "fields": {"session_data": ".eJxVjEEOgjAQRe_StWk6hTpTl-45Axk6U4saSCisjHdXEha6_e-9_zI9b2vpt6pLP4q5GDCn323g9NBpB3Ln6TbbNE_rMg52V-xBq-1m0ef1cP8OCtfyrduMUTME7xrMdCb1Ap5AUKMiO3BMgcCrhERtauIgKEAYkH3LMTnz_gDNLDdU:1tUXgG:mXkiSQTDi70vzKcpv4ianl4KRsBHMiBibtdaYZ1heSM", "expire_date": "2025-01-19T20:57:04.866Z"}}, {"model": "sessions.session", "pk": "b0fuqzc6a4zb46rwosczbe20yzxpmysx", "fields": {"session_data": ".eJxVjMsOwiAQRf-FtSHQQR4u3fsNZJgBqZqSlHZl_HfbpAvd3nPOfYuI61Lj2vMcRxYXocXpd0tIzzztgB843ZukNi3zmOSuyIN2eWucX9fD_Tuo2OtWD2w8WRPIcQg-gVMFEoBPOKAD7YkVgy4OB5vIegsb4HAuqKmgyUp8vt3ROC4:1tK0Kk:WMrcq-0KgBcXfBTUi0P7ZgrP92_s7xmz2J6xAizBaPs", "expire_date": "2024-12-21T19:19:18.762Z"}}, {"model": "lux_clothing.address", "pk": 1, "fields": {"country": "Ukraine", "region": "Lvivska oblast", "city": "Lviv", "street": "Zelena 12", "zip_code": 79000, "default": true, "inactive": false}}, {"model": "lux_clothing.address", "pk": 2, "fields": {"country": "test Country", "region": "test Region", "city": "test City", "street": "test Street", "zip_code": 22222, "default": false, "inactive": false}}, {"model": "lux_clothing.address", "pk": 3, "fields": {"country": "ewrwerwer", "region": "werteteterter", "city": "terterter", "street": "tertertertert", "zip_code": 22333, "default": false, "inactive": true}}, {"model": "lux_clothing.address", "pk": 4, "fields": {"country": "Ukraine", "region": "Lvivska oblast", "city": "Lviv", "street": "Nova, 1", "zip_code": 10001, "default": false, "inactive": false}}, {"model": "lux_clothing.address", "pk": 61, "fields": {"country": "7111", "region": "7", "city": "7", "street": "7", "zip_code": 7, "default": true, "inactive": false}}, {"model": "lux_clothing.address", "pk": 62, "fields": {"country": "8", "region": "8", "city": "8", "street": "8", "zip_code": 8, "default": false, "inactive": false}}, {"model": "lux_clothing.profile", "pk": 1, "fields": {"user": 1, "phone_number": 123456789, "addresses": [1, 4]}}, {"model": "lux_clothing.profile", "pk": 2, "fields": {"user": 2, "phone_number": 34567890, "addresses": [2, 3, 61, 62]}}, {"model": "lux_clothing.category", "pk": 1, "fields": {"name": "T-shirts"}}, {"model": "lux_clothing.category", "pk": 2, "fields": {"name": "Suits"}}, {"model": "lux_clothing.category", "pk": 3, "fields": {"name": "Hoodies"}}, {"model": "lux_clothing.brand", "pk": 1, "fields": {"name": "ZARA"}}, {"model": "lux_clothing.brand", "pk": 2, "fields": {"name": "Gucci"}}, {"model": "lux_clothing.brand", "pk": 3, "fields": {"name": "Lacoste"}}, {"model": "lux_clothing.producthead", "pk": 1, "fields": {"title": "REGULAR FIT INTERLOCK T-SHIRT", "description": "Regular fit T-shirt made of stretch cotton. Featuring a round neck and short sleeves.", "category": 1, "brand": 1, "details": "COMPOSITION, CARE & ORIGIN\r\n\r\nCOMPOSITION\r\n\r\nOUTER SHELL\r\n92% cotton\r\n8% elastane"}}, {"model": "lux_clothing.productphoto", "pk": 13, "fields": {"image": "uploads/productphoto/6ee1abee-e304-4c29-990f-8bb7ce8cdc5f05584441620-e1_.jpg", "order": 0, "main": false}}, {"model": "lux_clothing.productphoto", "pk": 14, "fields": {"image": "uploads/productphoto/242ccf33-9f44-406d-8b49-a533d5adbb7705584441620-e2_.jpg", "order": 0, "main": false}}, {"model": "lux_clothing.productphoto", "pk": 15, "fields": {"image": "uploads/productphoto/fbbf2ce6-014f-45b9-aced-0ff8004280cd05584411922-e1_.jpg", "order": 0, "main": false}}, {"model": "lux_clothing.productphoto", "pk": 16, "fields": {"image": "uploads/productphoto/90587c15-1e9a-4bd9-8b77-02d8a69cfc0805584411922-e2_.jpg", "order": 0, "main": false}}, {"model": "lux_clothing.productphoto", "pk": 17, "fields": {"image": "uploads/productphoto/566df14b-2995-4421-8364-1dea4f28c1b805584441250-e1_.jpg", "order": 0, "main": false}}, {"model": "lux_clothing.productphoto", "pk": 18, "fields": {"image": "uploads/productphoto/39bc65cc-564c-440c-994f-4a97c86dae9d05584441250-e2_.jpg", "order": 0, "main": false}}, {"model": "lux_clothing.color", "pk": 1, "fields": {"name": "White", "color_hex": "#FFFFFF", "photos": [17, 18]}}, {"model": "lux_clothing.color", "pk": 2, "fields": {"name": "Grey", "color_hex": "#A1A1A1", "photos": [15, 16]}}, {"model": "lux_clothing.color", "pk": 3, "fields": {"name": "Pink", "color_hex": "#E534AB", "photos": [13, 14]}}, {"model": "lux_clothing.size", "pk": 1, "fields": {"name": "S"}}, {"model": "lux_clothing.size", "pk": 2, "fields": {"name": "M"}}, {"model": "lux_clothing.size", "pk": 3, "fields": {"name": "L"}}, {"model": "lux_clothing.size", "pk": 4, "fields": {"name": "XL"}}, {"model": "lux_clothing.product", "pk": 1, "fields": {"color": 1, "size": 2, "price": "25.00", "discount": "10.00", "product_head": 1, "inventory": 94}}, {"model": "lux_clothing.product", "pk": 2, "fields": {"color": 2, "size": 2, "price": "26.00", "discount": "0.00", "product_head": 1, "inventory": 81}}, {"model": "lux_clothing.product", "pk": 3, "fields": {"color": 3, "size": 3, "price": "31.00", "discount": "1.00", "product_head": 1, "inventory": 91}}, {"model": "lux_clothing.product", "pk": 4, "fields": {"color": 3, "size": 2, "price": "25.00", "discount": "4.00", "product_head": 1, "inventory": 92}}, {"model": "lux_clothing.product", "pk": 6, "fields": {"color": 3, "size": 1, "price": "20.00", "discount": "1.00", "product_head": 1, "inventory": 86}}, {"model": "lux_clothing.orderitem", "pk": 1, "fields": {"user": 1, "product": 1, "quantity": 2, "price": "50.00", "active": true}}, {"model": "lux_clothing.orderitem", "pk": 2, "fields": {"user": 1, "product": 3, "quantity": 1, "price": "29.00", "active": true}}, {"model": "lux_clothing.orderitem", "pk": 3, "fields": {"user": 2, "product": 2, "quantity": 2, "price": "26.00", "active": false}}, {"model": "lux_clothing.orderitem", "pk": 4, "fields": {"user": 2, "product": 6, "quantity": 1, "price": "20.00", "active": false}}, {"model": "lux_clothing.orderitem", "pk": 5, "fields": {"user": 2, "product": 6, "quantity": 1, "price": "20.00", "active": false}}, {"model": "lux_clothing.orderitem", "pk": 6, "fields": {"user": 2, "product": 3, "quantity": 2, "price": "31.00", "active": false}}, {"model": "lux_clothing.orderitem", "pk": 7, "fields": {"user": 2, "product": 1, "quantity": 1, "price": "25.00", "active": false}}, {"model": "lux_clothing.orderitem", "pk": 8, "fields": {"user": 2, "product": 2, "quantity": 2, "price": "26.00", "active": false}}, {"model": "lux_clothing.orderitem", "pk": 9, "fields": {"user": 2, "product": 1, "quantity": 3, "price": "25.00", "active": false}}, {"model": "lux_clothing.orderitem", "pk": 10, "fields": {"user": 2, "product": 1, "quantity": 2, "price": "625.00", "active": false}}, {"model": "lux_clothing.orderitem", "pk": 11, "fields": {"user": 2, "product": 4, "quantity": 21, "price": "24.00", "active": false}}, {"model": "lux_clothing.orderitem", "pk": 13, "fields": {"user": 2, "product": 1, "quantity": 2, "price": "23.75", "active": false}}, {"model": "lux_clothing.orderitem", "pk": 14, "fields": {"user": 2, "product": 1, "quantity": 2, "price": "22.50", "active": false}}, {"model": "lux_clothing.orderitem", "pk": 15, "fields": {"user": 2, "product": 1, "quantity": 2, "price": "22.50", "active": false}}, {"model": "lux_clothing.orderitem", "pk": 16, "fields": {"user": 2, "product": 4, "quantity": 1, "price": "24.00", "active": false}}, {"model": "lux_clothing.orderitem", "pk": 17, "fields": {"user": 2, "product": 1, "quantity": 2, "price": "22.50", "active": false}}, {"model": "lux_clothing.orderitem", "pk": 18, "fields": {"user": 2, "product": 4, "quantity": 1, "price": "24.00", "active": false}}, {"model": "lux_clothing.orderitem", "pk": 19, "fields": {"user": 2, "product": 1, "quantity": 3, "price": "22.50", "active": false}}, {"model": "lux_clothing.orderitem", "pk": 20, "fields": {"user": 2, "product": 3, "quantity": 1, "price": "30.69", "active": false}}, {"model": "lux_clothing.orderitem", "pk": 21, "fields": {"user": 2, "product": 1, "quantity": 2, "price": "22.50", "active": false}}, {"model": "lux_clothing.orderitem", "pk": 22, "fields": {"user": 2, "product": 4, "quantity": 1, "price": "24.00", "active": false}}, {"model": "lux_clothing.orderitem", "pk": 23, "fields": {"user": 2, "product": 1, "quantity": 1, "price": "22.50", "active": false}}, {"model": "lux_clothing.orderitem", "pk": 24, "fields": {"user": 2, "product": 4, "quantity": 1, "price": "24.00", "active": false}}, {"model": "lux_clothing.orderitem", "pk": 25, "fields": {"user": 2, "product": 1, "quantity": 2, "price": "22.50", "active": false}}, {"model": "lux_clothing.orderitem", "pk": 26, "fields": {"user": 2, "product": 2, "quantity": 1, "price": "26.00", "active": false}}, {"model": "lux_clothing.orderitem", "pk": 27, "fields": {"user": 2, "product": 3, "quantity": 1, "price": "30.69", "active": false}}, {"model": "lux_clothing.orderitem", "pk": 28, "fields": {"user": 2, "product": 4, "quantity": 1, "price": "24.00", "active": false}}, {"model": "lux_clothing.orderitem", "pk": 29, "fields": {"user": 2, "product": 1, "quantity": 1, "price": "22.50", "active": false}}, {"model": "lux_clothing.orderitem", "pk": 30, "fields": {"user": 2, "product": 6, "quantity": 1, "price": "19.80", "active": false}}, {"model": "lux_clothing.orderitem", "pk": 31, "fields": {"user": 2, "product": 4, "quantity": 1, "price": "24.00", "active": false}}, {"model": "lux_clothing.orderitem", "pk": 32, "fields": {"user": 2, "product": 1, "quantity": 1, "price": "22.50", "active": false}}, {"model": "lux_clothing.orderitem", "pk": 33, "fields": {"user": 2, "product": 1, "quantity": 1, "price": "22.50", "active": false}}, {"model": "lux_clothing.orderitem", "pk": 34, "fields": {"user": 2, "product": 3, "quantity": 1, "price": "30.69", "active": false}}, {"model": "lux_clothing.orderitem", "pk": 35, "fields": {"user": 2, "product": 1, "quantity": 1, "price": "22.50", "active": false}}, {"model": "lux_clothing.orderitem", "pk": 36, "fields": {"user": 2, "product": 1, "quantity": 1, "price": "22.50", "active": false}}, {"model": "lux_clothing.orderitem", "pk": 37, "fields": {"user": 2, "product": 3, "quantity": 1, "price": "30.69", "active": false}}, {"model": "lux_clothing.orderitem", "pk": 38, "fields": {"user": 2, "product": 3, "quantity": 1, "price": "30.69", "active": false}}, {"model": "lux_clothing.orderitem", "pk": 39, "fields": {"user": 2, "product": 1, "quantity": 1, "price": "22.50", "active": false}}, {"model": "lux_clothing.orderitem", "pk": 40, "fields": {"user": 2, "product": 2, "quantity": 12, "price": "26.00", "active": false}}, {"model": "lux_clothing.orderitem", "pk": 41, "fields": {"user": 2, "product": 4, "quantity": 123, "price": "24.00", "active": false}}, {"model": "lux_clothing.orderitem", "pk": 42, "fields": {"user": 2, "product": 4, "quantity": 1, "price": "24.00", "active": false}}, {"model": "lux_clothing.orderitem", "pk": 43, "fields": {"user": 2, "product": 6, "quantity": 2, "price": "19.80", "active": false}}, {"model": "lux_clothing.orderitem", "pk": 44, "fields": {"user": 2, "product": 6, "quantity": 2, "price": "19.80", "active": false}}, {"model": "lux_clothing.orderitem", "pk": 45, "fields": {"user": 2, "product": 6, "quantity": 2, "price": "19.80", "active": false}}, {"model": "lux_clothing.orderitem", "pk": 46, "fields": {"user": 2, "product": 4, "quantity": 2, "price": "24.00", "active": true}}, {"model": "lux_clothing.order", "pk": 30, "fields": {"created": "2025-01-05T19:56:15.851Z", "user": 2, "order_address": 61, "order_phone_number": 34567890, "price": "98.19", "status": "Pending", "order_items": [19, 20]}}, {"model": "lux_clothing.order", "pk": 33, "fields": {"created": "2025-01-08T20:51:26.886Z", "user": 2, "order_address": 61, "order_phone_number": 34567890, "price": "24.00", "status": "Pending", "order_items": [24]}}, {"model": "lux_clothing.order", "pk": 35, "fields": {"created": "2025-01-08T20:58:13.501Z", "user": 2, "order_address": 61, "order_phone_number": 34567890, "price": "26.00", "status": "Paid", "order_items": [26]}}, {"model": "lux_clothing.order", "pk": 53, "fields": {"created": "2025-01-09T22:01:07.395Z", "user": 2, "order_address": 61, "order_phone_number": 34567890, "price": "39.60", "status": "Pending", "order_items": [45]}}, {"model": "user.user", "pk": 1, "fields": {"password": "pbkdf2_sha256$870000$XY42P5VkcD20LGkBVy1h5R$845PrucFqPkennBDRIyCWjPhDdaPoGYfs1r1wKGZwFY=", "last_login": "2025-01-08T20:04:39.824Z", "is_superuser": true, "first_name": "Vitalii", "last_name": "Test123", "is_staff": true, "is_active": true, "date_joined": "2024-12-02T20:48:17Z", "email": "admin@admin.com", "groups": [], "user_permissions": []}}, {"model": "user.user", "pk": 2, "fields": {"password": "pbkdf2_sha256$870000$s9GGgdO8WM9b4Dd9bJ34I5$1g33aZKsREyTJo6cuS1k7TS4G7JNOKPZoxNox52Hya8=", "last_login": null, "is_superuser": false, "first_name": "test", "last_name": "test Last name", "is_staff": false, "is_active": true, "date_joined": "2024-12-07T19:20:10.705Z", "email": "test@test.com", "groups": [], "user_permissions": []}}, {"model": "authtoken.token", "pk": "44edba3b74f8f4e5f05bf66e6e1e56cbb54b5e0d", "fields": {"user": 1, "created": "2024-12-07T19:50:34.646Z"}}, {"model": "authtoken.token", "pk": "cc3a2abf459daef520d1e1098ea2746ef3e4a9b2", "fields": {"user": 2, "created": "2024-12-07T19:20:29.701Z"}}, {"model": "payment.payment", "pk": 3, "fields": {"status": "Pending", "order": 33, "session_url": "https://checkout.stripe.com/c/pay/cs_test_a1oJqDPs0ZUlkOlG9I95jLPAvpaQARULgBDvtCbArWGFw0ao30lsfenkYo#fidkdWxOYHwnPyd1blpxYHZxWjA0VDFqZnZJSnR0TnRmbW9rXWA0SVx8fXc1NXZscX1%2Fb29IM2NKRDJtTHZLMTJyQ2xCb0xqRDBATXNTV29pUkRRbWhjQWdpM2hKMlFxS01MQl01aTVEUEJNNTVzb2duU1xkYScpJ2N3amhWYHdzYHcnP3F3cGApJ2lkfGpwcVF8dWAnPyd2bGtiaWBabHFgaCcpJ2BrZGdpYFVpZGZgbWppYWB3dic%2FcXdwYHgl", "session_id": "cs_test_a1oJqDPs0ZUlkOlG9I95jLPAvpaQARULgBDvtCbArWGFw0ao30lsfenkYo", "money_to_pay": "24.00"}}, {"model": "payment.payment", "pk": 5, "fields": {"status": "Paid", "order": 35, "session_url": "https://checkout.stripe.com/c/pay/cs_test_a1iy29owQQCTyuVrHwIqdBuj1xOG2kKE3vQ1tIYb4WUogtFJ4o3m8u4SkS#fidkdWxOYHwnPyd1blpxYHZxWjA0VDFqZnZJSnR0TnRmbW9rXWA0SVx8fXc1NXZscX1%2Fb29IM2NKRDJtTHZLMTJyQ2xCb0xqRDBATXNTV29pUkRRbWhjQWdpM2hKMlFxS01MQl01aTVEUEJNNTVzb2duU1xkYScpJ2N3amhWYHdzYHcnP3F3cGApJ2lkfGpwcVF8dWAnPyd2bGtiaWBabHFgaCcpJ2BrZGdpYFVpZGZgbWppYWB3dic%2FcXdwYHgl", "session_id": "cs_test_a1iy29owQQCTyuVrHwIqdBuj1xOG2kKE3vQ1tIYb4WUogtFJ4o3m8u4SkS", "money_to_pay": "26.00"}}, {"model": "payment.payment", "pk": 23, "fields": {"status": "Pending", "order": 53, "session_url": "https://checkout.stripe.com/c/pay/cs_test_a1H4vPBcVO5IpPPQ3kpv8Pxw5GqXQBmdMfiV6aTbe6Q2d0ShaWI81sSeBZ#fidkdWxOYHwnPyd1blpxYHZxWjA0VDFqZnZJSnR0TnRmbW9rXWA0SVx8fXc1NXZscX1%2Fb29IM2NKRDJtTHZLMTJyQ2xCb0xqRDBATXNTV29pUkRRbWhjQWdpM2hKMlFxS01MQl01aTVEUEJNNTVzb2duU1xkYScpJ2N3amhWYHdzYHcnP3F3cGApJ2lkfGpwcVF8dWAnPyd2bGtiaWBabHFgaCcpJ2BrZGdpYFVpZGZgbWppYWB3dic%2FcXdwYHgl", "session_id": "cs_test_a1H4vPBcVO5IpPPQ3kpv8Pxw5GqXQBmdMfiV6aTbe6Q2d0ShaWI81sSeBZ", "money_to_pay": "39.60"}}]